/*
SQLyog Enterprise v12.09 (64 bit)
MySQL - 5.5.28 : Database - hosclient
*********************************************************************
*/

/*!40101 SET NAMES utf8 */;

/*!40101 SET SQL_MODE=''*/;

/*!40014 SET @OLD_UNIQUE_CHECKS=@@UNIQUE_CHECKS, UNIQUE_CHECKS=0 */;
/*!40014 SET @OLD_FOREIGN_KEY_CHECKS=@@FOREIGN_KEY_CHECKS, FOREIGN_KEY_CHECKS=0 */;
/*!40101 SET @OLD_SQL_MODE=@@SQL_MODE, SQL_MODE='NO_AUTO_VALUE_ON_ZERO' */;
/*!40111 SET @OLD_SQL_NOTES=@@SQL_NOTES, SQL_NOTES=0 */;
CREATE DATABASE /*!32312 IF NOT EXISTS*/`hosclient` /*!40100 DEFAULT CHARACTER SET utf8 */;

USE `hosclient`;

/*Table structure for table `clientdetails` */

DROP TABLE IF EXISTS `clientdetails`;

CREATE TABLE `clientdetails` (
  `appId` varchar(255) NOT NULL,
  `resourceIds` varchar(255) DEFAULT NULL,
  `appSecret` varchar(255) DEFAULT NULL,
  `scope` varchar(255) DEFAULT NULL,
  `grantTypes` varchar(255) DEFAULT NULL,
  `redirectUrl` varchar(255) DEFAULT NULL,
  `authorities` varchar(255) DEFAULT NULL,
  `access_token_validity` int(11) DEFAULT NULL,
  `refresh_token_validity` int(11) DEFAULT NULL,
  `additionalInformation` varchar(4096) DEFAULT NULL,
  `autoApproveScopes` varchar(255) DEFAULT NULL,
  PRIMARY KEY (`appId`)
) ENGINE=InnoDB DEFAULT CHARSET=utf8;

/*Data for the table `clientdetails` */

/*Table structure for table `oauth_access_token` */

DROP TABLE IF EXISTS `oauth_access_token`;

CREATE TABLE `oauth_access_token` (
  `token_id` varchar(255) DEFAULT NULL,
  `token` blob,
  `authentication_id` varchar(255) NOT NULL,
  `user_name` varchar(255) DEFAULT NULL,
  `client_id` varchar(255) DEFAULT NULL,
  `authentication` blob,
  `refresh_token` varchar(255) DEFAULT NULL,
  PRIMARY KEY (`authentication_id`)
) ENGINE=InnoDB DEFAULT CHARSET=utf8;

/*Data for the table `oauth_access_token` */

insert  into `oauth_access_token`(`token_id`,`token`,`authentication_id`,`user_name`,`client_id`,`authentication`,`refresh_token`) values ('646c95de40324a78c87564835b7e38c6','¨Ì\0sr\0Corg.springframework.security.oauth2.common.DefaultOAuth2AccessToken≤û6$˙Œ\0L\0additionalInformationt\0Ljava/util/Map;L\0\nexpirationt\0Ljava/util/Date;L\0refreshTokent\0?Lorg/springframework/security/oauth2/common/OAuth2RefreshToken;L\0scopet\0Ljava/util/Set;L\0	tokenTypet\0Ljava/lang/String;L\0valueq\0~\0xpsr\0java.util.Collections$EmptyMapY6ÖZ‹Á–\0\0xpsr\0java.util.DatehjÅKYt\0\0xpw\0\0qK‚π∫xsr\0Lorg.springframework.security.oauth2.common.DefaultExpiringOAuth2RefreshToken/ﬂGcù–…∑\0L\0\nexpirationq\0~\0xr\0Dorg.springframework.security.oauth2.common.DefaultOAuth2RefreshTokens·\ncT‘^\0L\0valueq\0~\0xpt\0$7d5eb9a0-7d11-44df-8bb7-f629380a225asq\0~\0	w\0\0qK‚π∏xsr\0%java.util.Collections$UnmodifiableSetÄí—èõÄU\0\0xr\0,java.util.Collections$UnmodifiableCollectionB\0ÄÀ^˜\0L\0ct\0Ljava/util/Collection;xpsr\0java.util.LinkedHashSetÿl◊Zï›*\0\0xr\0java.util.HashSet∫DÖïñ∏∑4\0\0xpw\0\0\0?@\0\0\0\0\0t\0allxt\0bearert\0$3116a7ec-bd06-4353-adaa-b75319db95c8','59d26e21204c05a7dc147721c0d40d32','user01','net5ijy','¨Ì\0sr\0Aorg.springframework.security.oauth2.provider.OAuth2AuthenticationΩ@bR\0L\0\rstoredRequestt\0<Lorg/springframework/security/oauth2/provider/OAuth2Request;L\0userAuthenticationt\02Lorg/springframework/security/core/Authentication;xr\0Gorg.springframework.security.authentication.AbstractAuthenticationToken”™(~nGd\0Z\0\rauthenticatedL\0authoritiest\0Ljava/util/Collection;L\0detailst\0Ljava/lang/Object;xp\0sr\0&java.util.Collections$UnmodifiableList¸%1µÏé\0L\0listt\0Ljava/util/List;xr\0,java.util.Collections$UnmodifiableCollectionB\0ÄÀ^˜\0L\0cq\0~\0xpsr\0java.util.ArrayListxÅ“ô«aù\0I\0sizexp\0\0\0w\0\0\0sr\0Borg.springframework.security.core.authority.SimpleGrantedAuthority\0\0\0\0\0\0˛\0L\0rolet\0Ljava/lang/String;xpt\0ROLE_ROLE_userxq\0~\0psr\0:org.springframework.security.oauth2.provider.OAuth2Request\0\0\0\0\0\0\0\0Z\0approvedL\0authoritiesq\0~\0L\0\nextensionst\0Ljava/util/Map;L\0redirectUriq\0~\0L\0refresht\0;Lorg/springframework/security/oauth2/provider/TokenRequest;L\0resourceIdst\0Ljava/util/Set;L\0\rresponseTypesq\0~\0xr\08org.springframework.security.oauth2.provider.BaseRequest6(z>£qiΩ\0L\0clientIdq\0~\0L\0requestParametersq\0~\0L\0scopeq\0~\0xpt\0net5ijysr\0%java.util.Collections$UnmodifiableMapÒ•®˛tıB\0L\0mq\0~\0xpsr\0java.util.HashMap⁄¡√`—\0F\0\nloadFactorI\0	thresholdxp?@\0\0\0\0\0w\0\0\0\0\0\0t\0codet\0cTeTott\0\ngrant_typet\0authorization_codet\0scopet\0allt\0\rresponse_typet\0codet\0redirect_urit\0http://localhost:8081/callbackt\0\rclient_secrett\0123456t\0	client_idt\0net5ijyxsr\0%java.util.Collections$UnmodifiableSetÄí—èõÄU\0\0xq\0~\0	sr\0java.util.LinkedHashSetÿl◊Zï›*\0\0xr\0java.util.HashSet∫DÖïñ∏∑4\0\0xpw\0\0\0?@\0\0\0\0\0t\0allxsq\0~\0-w\0\0\0?@\0\0\0\0\0sq\0~\0\rt\0ROLE_TRUSTED_CLIENTxsq\0~\0\Z?@\0\0\0\0\0\0w\0\0\0\0\0\0\0xt\0http://localhost:8081/callbackpsq\0~\0-w\0\0\0?@\0\0\0\0\0t\0oauth2-resourcexsq\0~\0-w\0\0\0?@\0\0\0\0\0q\0~\0#xsr\0Oorg.springframework.security.authentication.UsernamePasswordAuthenticationToken\0\0\0\0\0\0˛\0L\0credentialsq\0~\0L\0	principalq\0~\0xq\0~\0sq\0~\0sq\0~\0\0\0\0w\0\0\0q\0~\0xq\0~\0;sr\0Horg.springframework.security.web.authentication.WebAuthenticationDetails\0\0\0\0\0\0˛\0L\0\rremoteAddressq\0~\0L\0	sessionIdq\0~\0xpt\00:0:0:0:0:0:0:1t\0 972A898E4AE856BA32B9E6E98C2DCD0Dpsr\02org.springframework.security.core.userdetails.User\0\0\0\0\0\0˛\0Z\0accountNonExpiredZ\0accountNonLockedZ\0credentialsNonExpiredZ\0enabledL\0authoritiesq\0~\0L\0passwordq\0~\0L\0usernameq\0~\0xpsq\0~\0*sr\0java.util.TreeSet›òPìïÌá[\0\0xpsr\0Forg.springframework.security.core.userdetails.User$AuthorityComparator\0\0\0\0\0\0˛\0\0xpw\0\0\0q\0~\0xpt\0user01','7360f5ada0bf3c44853b6ceda3482b12'),('73efa32959cd3a85289f095138792e18','¨Ì\0sr\0Corg.springframework.security.oauth2.common.DefaultOAuth2AccessToken≤û6$˙Œ\0L\0additionalInformationt\0Ljava/util/Map;L\0\nexpirationt\0Ljava/util/Date;L\0refreshTokent\0?Lorg/springframework/security/oauth2/common/OAuth2RefreshToken;L\0scopet\0Ljava/util/Set;L\0	tokenTypet\0Ljava/lang/String;L\0valueq\0~\0xpsr\0java.util.Collections$EmptyMapY6ÖZ‹Á–\0\0xpsr\0java.util.DatehjÅKYt\0\0xpw\0\0qòÜxsr\0Lorg.springframework.security.oauth2.common.DefaultExpiringOAuth2RefreshToken/ﬂGcù–…∑\0L\0\nexpirationq\0~\0xr\0Dorg.springframework.security.oauth2.common.DefaultOAuth2RefreshTokens·\ncT‘^\0L\0valueq\0~\0xpt\0$835e61d0-f6fd-4d46-a59d-9699990750b7sq\0~\0	w\0\0qÇ€Jxsr\0%java.util.Collections$UnmodifiableSetÄí—èõÄU\0\0xr\0,java.util.Collections$UnmodifiableCollectionB\0ÄÀ^˜\0L\0ct\0Ljava/util/Collection;xpsr\0java.util.LinkedHashSetÿl◊Zï›*\0\0xr\0java.util.HashSet∫DÖïñ∏∑4\0\0xpw\0\0\0?@\0\0\0\0\0t\0appxt\0bearert\0$a4ef66ab-7c40-4345-aa74-2f5e47322710','68d6901a59215e2cdaf742a811efebf7','admin','client2','¨Ì\0sr\0Aorg.springframework.security.oauth2.provider.OAuth2AuthenticationΩ@bR\0L\0\rstoredRequestt\0<Lorg/springframework/security/oauth2/provider/OAuth2Request;L\0userAuthenticationt\02Lorg/springframework/security/core/Authentication;xr\0Gorg.springframework.security.authentication.AbstractAuthenticationToken”™(~nGd\0Z\0\rauthenticatedL\0authoritiest\0Ljava/util/Collection;L\0detailst\0Ljava/lang/Object;xp\0sr\0&java.util.Collections$UnmodifiableList¸%1µÏé\0L\0listt\0Ljava/util/List;xr\0,java.util.Collections$UnmodifiableCollectionB\0ÄÀ^˜\0L\0cq\0~\0xpsr\0java.util.ArrayListxÅ“ô«aù\0I\0sizexp\0\0\0w\0\0\0sr\0Borg.springframework.security.core.authority.SimpleGrantedAuthority\0\0\0\0\0\0\0L\0rolet\0Ljava/lang/String;xpt\0Systemsq\0~\0\rt\0\nSystemUsersq\0~\0\rt\0SystemUserDeletesq\0~\0\rt\0SystemUserInsertsq\0~\0\rt\0SystemUserUpdatesq\0~\0\rt\0SystemUserViewxq\0~\0psr\0:org.springframework.security.oauth2.provider.OAuth2Request\0\0\0\0\0\0\0\0Z\0approvedL\0authoritiesq\0~\0L\0\nextensionst\0Ljava/util/Map;L\0redirectUriq\0~\0L\0refresht\0;Lorg/springframework/security/oauth2/provider/TokenRequest;L\0resourceIdst\0Ljava/util/Set;L\0\rresponseTypesq\0~\0xr\08org.springframework.security.oauth2.provider.BaseRequest6(z>£qiΩ\0L\0clientIdq\0~\0L\0requestParametersq\0~\0L\0scopeq\0~\0xpt\0client2sr\0%java.util.Collections$UnmodifiableMapÒ•®˛tıB\0L\0mq\0~\0xpsr\0java.util.HashMap⁄¡√`—\0F\0\nloadFactorI\0	thresholdxp?@\0\0\0\0\0w\0\0\0\0\0\0t\0codet\0ApymgNt\0\ngrant_typet\0authorization_codet\0\rresponse_typet\0codet\0redirect_urit\0http://localhost:9007/logint\0statet\0nX64X9t\0	client_idq\0~\0!xsr\0%java.util.Collections$UnmodifiableSetÄí—èõÄU\0\0xq\0~\0	sr\0java.util.LinkedHashSetÿl◊Zï›*\0\0xr\0java.util.HashSet∫DÖïñ∏∑4\0\0xpw\0\0\0?@\0\0\0\0\0t\0appxsq\0~\04w\0\0\0?@\0\0\0\0\0\0xsq\0~\0$?@\0\0\0\0\0\0w\0\0\0\0\0\0\0xt\0http://localhost:9007/loginpsq\0~\04w\0\0\0?@\0\0\0\0\0\0xsq\0~\04w\0\0\0?@\0\0\0\0\0q\0~\0+xsr\0Oorg.springframework.security.authentication.UsernamePasswordAuthenticationToken\0\0\0\0\0\0\0L\0credentialsq\0~\0L\0	principalq\0~\0xq\0~\0sq\0~\0sq\0~\0\0\0\0w\0\0\0q\0~\0q\0~\0q\0~\0q\0~\0q\0~\0q\0~\0xq\0~\0?sr\0Horg.springframework.security.web.authentication.WebAuthenticationDetails\0\0\0\0\0\0\0L\0\rremoteAddressq\0~\0L\0	sessionIdq\0~\0xpt\00:0:0:0:0:0:0:1t\0 72F8EB092582FE4342BC2B383CDF65C1psr\02org.springframework.security.core.userdetails.User\0\0\0\0\0\0\0Z\0accountNonExpiredZ\0accountNonLockedZ\0credentialsNonExpiredZ\0enabledL\0authoritiesq\0~\0L\0passwordq\0~\0L\0usernameq\0~\0xpsq\0~\01sr\0java.util.TreeSet›òPìïÌá[\0\0xpsr\0Forg.springframework.security.core.userdetails.User$AuthorityComparator\0\0\0\0\0\0\0\0xpw\0\0\0q\0~\0q\0~\0q\0~\0q\0~\0q\0~\0q\0~\0xpt\0admin','723f1644779a6d245a7c45d9215a2ff2'),('9796412ed78bec4bfed9e14a93517d94','¨Ì\0sr\0Corg.springframework.security.oauth2.common.DefaultOAuth2AccessToken≤û6$˙Œ\0L\0additionalInformationt\0Ljava/util/Map;L\0\nexpirationt\0Ljava/util/Date;L\0refreshTokent\0?Lorg/springframework/security/oauth2/common/OAuth2RefreshToken;L\0scopet\0Ljava/util/Set;L\0	tokenTypet\0Ljava/lang/String;L\0valueq\0~\0xpsr\0java.util.Collections$EmptyMapY6ÖZ‹Á–\0\0xpsr\0java.util.DatehjÅKYt\0\0xpw\0\0q™y†Ãxsr\0Lorg.springframework.security.oauth2.common.DefaultExpiringOAuth2RefreshToken/ﬂGcù–…∑\0L\0\nexpirationq\0~\0xr\0Dorg.springframework.security.oauth2.common.DefaultOAuth2RefreshTokens·\ncT‘^\0L\0valueq\0~\0xpt\0$14839452-7711-4a88-99fb-a324050f3177sq\0~\0	w\0\0qï;eIxsr\0%java.util.Collections$UnmodifiableSetÄí—èõÄU\0\0xr\0,java.util.Collections$UnmodifiableCollectionB\0ÄÀ^˜\0L\0ct\0Ljava/util/Collection;xpsr\0java.util.LinkedHashSetÿl◊Zï›*\0\0xr\0java.util.HashSet∫DÖïñ∏∑4\0\0xpw\0\0\0?@\0\0\0\0\0t\0appxt\0bearert\0$20cbd890-7515-42f0-b2cf-cc22efb5df3a','8502edc3f4c61f1000b1932e6a3756f1','admin','client','¨Ì\0sr\0Aorg.springframework.security.oauth2.provider.OAuth2AuthenticationΩ@bR\0L\0\rstoredRequestt\0<Lorg/springframework/security/oauth2/provider/OAuth2Request;L\0userAuthenticationt\02Lorg/springframework/security/core/Authentication;xr\0Gorg.springframework.security.authentication.AbstractAuthenticationToken”™(~nGd\0Z\0\rauthenticatedL\0authoritiest\0Ljava/util/Collection;L\0detailst\0Ljava/lang/Object;xp\0sr\0&java.util.Collections$UnmodifiableList¸%1µÏé\0L\0listt\0Ljava/util/List;xr\0,java.util.Collections$UnmodifiableCollectionB\0ÄÀ^˜\0L\0cq\0~\0xpsr\0java.util.ArrayListxÅ“ô«aù\0I\0sizexp\0\0\0w\0\0\0sr\0Borg.springframework.security.core.authority.SimpleGrantedAuthority\0\0\0\0\0\0\0L\0rolet\0Ljava/lang/String;xpt\0Systemsq\0~\0\rt\0\nSystemUsersq\0~\0\rt\0SystemUserDeletesq\0~\0\rt\0SystemUserInsertsq\0~\0\rt\0SystemUserUpdatesq\0~\0\rt\0SystemUserViewxq\0~\0psr\0:org.springframework.security.oauth2.provider.OAuth2Request\0\0\0\0\0\0\0\0Z\0approvedL\0authoritiesq\0~\0L\0\nextensionst\0Ljava/util/Map;L\0redirectUriq\0~\0L\0refresht\0;Lorg/springframework/security/oauth2/provider/TokenRequest;L\0resourceIdst\0Ljava/util/Set;L\0\rresponseTypesq\0~\0xr\08org.springframework.security.oauth2.provider.BaseRequest6(z>£qiΩ\0L\0clientIdq\0~\0L\0requestParametersq\0~\0L\0scopeq\0~\0xpt\0clientsr\0%java.util.Collections$UnmodifiableMapÒ•®˛tıB\0L\0mq\0~\0xpsr\0java.util.HashMap⁄¡√`—\0F\0\nloadFactorI\0	thresholdxp?@\0\0\0\0\0w\0\0\0\0\0\0t\0codet\052SKCFt\0\ngrant_typet\0authorization_codet\0\rresponse_typet\0codet\0redirect_urit\0http://localhost:9005/logint\0statet\0dzCm5Qt\0	client_idq\0~\0!xsr\0%java.util.Collections$UnmodifiableSetÄí—èõÄU\0\0xq\0~\0	sr\0java.util.LinkedHashSetÿl◊Zï›*\0\0xr\0java.util.HashSet∫DÖïñ∏∑4\0\0xpw\0\0\0?@\0\0\0\0\0t\0appxsq\0~\04w\0\0\0?@\0\0\0\0\0\0xsq\0~\0$?@\0\0\0\0\0\0w\0\0\0\0\0\0\0xt\0http://localhost:9005/loginpsq\0~\04w\0\0\0?@\0\0\0\0\0\0xsq\0~\04w\0\0\0?@\0\0\0\0\0q\0~\0+xsr\0Oorg.springframework.security.authentication.UsernamePasswordAuthenticationToken\0\0\0\0\0\0\0L\0credentialsq\0~\0L\0	principalq\0~\0xq\0~\0sq\0~\0sq\0~\0\0\0\0w\0\0\0q\0~\0q\0~\0q\0~\0q\0~\0q\0~\0q\0~\0xq\0~\0?sr\0Horg.springframework.security.web.authentication.WebAuthenticationDetails\0\0\0\0\0\0\0L\0\rremoteAddressq\0~\0L\0	sessionIdq\0~\0xpt\00:0:0:0:0:0:0:1t\0 0B5277A9199D160E6284B7DC0AC8993Fpsr\02org.springframework.security.core.userdetails.User\0\0\0\0\0\0\0Z\0accountNonExpiredZ\0accountNonLockedZ\0credentialsNonExpiredZ\0enabledL\0authoritiesq\0~\0L\0passwordq\0~\0L\0usernameq\0~\0xpsq\0~\01sr\0java.util.TreeSet›òPìïÌá[\0\0xpsr\0Forg.springframework.security.core.userdetails.User$AuthorityComparator\0\0\0\0\0\0\0\0xpw\0\0\0q\0~\0q\0~\0q\0~\0q\0~\0q\0~\0q\0~\0xpt\0admin','c675419dc6d6253ec886d5734f2a625e'),('30dc61e9291c708754249a3cb3ab5228','¨Ì\0sr\0Corg.springframework.security.oauth2.common.DefaultOAuth2AccessToken≤û6$˙Œ\0L\0additionalInformationt\0Ljava/util/Map;L\0\nexpirationt\0Ljava/util/Date;L\0refreshTokent\0?Lorg/springframework/security/oauth2/common/OAuth2RefreshToken;L\0scopet\0Ljava/util/Set;L\0	tokenTypet\0Ljava/lang/String;L\0valueq\0~\0xpsr\0java.util.Collections$EmptyMapY6ÖZ‹Á–\0\0xpsr\0java.util.DatehjÅKYt\0\0xpw\0\0qv›‡xsr\0Lorg.springframework.security.oauth2.common.DefaultExpiringOAuth2RefreshToken/ﬂGcù–…∑\0L\0\nexpirationq\0~\0xr\0Dorg.springframework.security.oauth2.common.DefaultOAuth2RefreshTokens·\ncT‘^\0L\0valueq\0~\0xpt\0$a0543f18-2d85-4d12-9c49-186ba5a8ad37sq\0~\0	w\0\0qaü§êxsr\0%java.util.Collections$UnmodifiableSetÄí—èõÄU\0\0xr\0,java.util.Collections$UnmodifiableCollectionB\0ÄÀ^˜\0L\0ct\0Ljava/util/Collection;xpsr\0java.util.LinkedHashSetÿl◊Zï›*\0\0xr\0java.util.HashSet∫DÖïñ∏∑4\0\0xpw\0\0\0?@\0\0\0\0\0t\0appxt\0bearert\0$1c065126-262a-4a11-8744-b9b124915cb8','963e22f5145235ccf7d9c3f46a541ecc','user','client1','¨Ì\0sr\0Aorg.springframework.security.oauth2.provider.OAuth2AuthenticationΩ@bR\0L\0\rstoredRequestt\0<Lorg/springframework/security/oauth2/provider/OAuth2Request;L\0userAuthenticationt\02Lorg/springframework/security/core/Authentication;xr\0Gorg.springframework.security.authentication.AbstractAuthenticationToken”™(~nGd\0Z\0\rauthenticatedL\0authoritiest\0Ljava/util/Collection;L\0detailst\0Ljava/lang/Object;xp\0sr\0&java.util.Collections$UnmodifiableList¸%1µÏé\0L\0listt\0Ljava/util/List;xr\0,java.util.Collections$UnmodifiableCollectionB\0ÄÀ^˜\0L\0cq\0~\0xpsr\0java.util.ArrayListxÅ“ô«aù\0I\0sizexp\0\0\0\0w\0\0\0\0xq\0~\0psr\0:org.springframework.security.oauth2.provider.OAuth2Request\0\0\0\0\0\0\0\0Z\0approvedL\0authoritiesq\0~\0L\0\nextensionst\0Ljava/util/Map;L\0redirectUrit\0Ljava/lang/String;L\0refresht\0;Lorg/springframework/security/oauth2/provider/TokenRequest;L\0resourceIdst\0Ljava/util/Set;L\0\rresponseTypesq\0~\0xr\08org.springframework.security.oauth2.provider.BaseRequest6(z>£qiΩ\0L\0clientIdq\0~\0L\0requestParametersq\0~\0L\0scopeq\0~\0xpt\0client1sr\0%java.util.Collections$UnmodifiableMapÒ•®˛tıB\0L\0mq\0~\0xpsr\0java.util.HashMap⁄¡√`—\0F\0\nloadFactorI\0	thresholdxp?@\0\0\0\0\0w\0\0\0\0\0\0t\0codet\0eFz0bnt\0\ngrant_typet\0authorization_codet\0\rresponse_typet\0codet\0redirect_urit\0http://localhost:9006/logint\0statet\07NyMkGt\0	client_idq\0~\0xsr\0%java.util.Collections$UnmodifiableSetÄí—èõÄU\0\0xq\0~\0	sr\0java.util.LinkedHashSetÿl◊Zï›*\0\0xr\0java.util.HashSet∫DÖïñ∏∑4\0\0xpw\0\0\0?@\0\0\0\0\0t\0appxsq\0~\0\'w\0\0\0?@\0\0\0\0\0\0xsq\0~\0?@\0\0\0\0\0\0w\0\0\0\0\0\0\0xt\0http://localhost:9006/loginpsq\0~\0\'w\0\0\0?@\0\0\0\0\0\0xsq\0~\0\'w\0\0\0?@\0\0\0\0\0q\0~\0xsr\0Oorg.springframework.security.authentication.UsernamePasswordAuthenticationToken\0\0\0\0\0\0˛\0L\0credentialsq\0~\0L\0	principalq\0~\0xq\0~\0sq\0~\0sq\0~\0\0\0\0\0w\0\0\0\0xq\0~\02sr\0Horg.springframework.security.web.authentication.WebAuthenticationDetails\0\0\0\0\0\0˛\0L\0\rremoteAddressq\0~\0L\0	sessionIdq\0~\0xpt\0	127.0.0.1t\0 A4C7BCA33F528DE2C86E1BA7752BE1EDpsr\02org.springframework.security.core.userdetails.User\0\0\0\0\0\0˛\0Z\0accountNonExpiredZ\0accountNonLockedZ\0credentialsNonExpiredZ\0enabledL\0authoritiesq\0~\0L\0passwordq\0~\0L\0usernameq\0~\0xpsq\0~\0$sr\0java.util.TreeSet›òPìïÌá[\0\0xpsr\0Forg.springframework.security.core.userdetails.User$AuthorityComparator\0\0\0\0\0\0˛\0\0xpw\0\0\0\0xpt\0user','d81349d7c26008ab440e053187f4555a'),('fdda922dddae080584c7978840ffa114','¨Ì\0sr\0Corg.springframework.security.oauth2.common.DefaultOAuth2AccessToken≤û6$˙Œ\0L\0additionalInformationt\0Ljava/util/Map;L\0\nexpirationt\0Ljava/util/Date;L\0refreshTokent\0?Lorg/springframework/security/oauth2/common/OAuth2RefreshToken;L\0scopet\0Ljava/util/Set;L\0	tokenTypet\0Ljava/lang/String;L\0valueq\0~\0xpsr\0java.util.Collections$EmptyMapY6ÖZ‹Á–\0\0xpsr\0java.util.DatehjÅKYt\0\0xpw\0\0qóXx\\xsr\0Lorg.springframework.security.oauth2.common.DefaultExpiringOAuth2RefreshToken/ﬂGcù–…∑\0L\0\nexpirationq\0~\0xr\0Dorg.springframework.security.oauth2.common.DefaultOAuth2RefreshTokens·\ncT‘^\0L\0valueq\0~\0xpt\0$99b4181c-7c90-42d3-b595-9fa0c1253fc3sq\0~\0	w\0\0qÇ\Z<Ÿxsr\0%java.util.Collections$UnmodifiableSetÄí—èõÄU\0\0xr\0,java.util.Collections$UnmodifiableCollectionB\0ÄÀ^˜\0L\0ct\0Ljava/util/Collection;xpsr\0java.util.LinkedHashSetÿl◊Zï›*\0\0xr\0java.util.HashSet∫DÖïñ∏∑4\0\0xpw\0\0\0?@\0\0\0\0\0t\0appxt\0bearert\0$fa582c94-b46b-4ee2-bb0c-26b7bea2f765','a3463e5ba065ea3c94b12a4ae00bedfb','admin','client1','¨Ì\0sr\0Aorg.springframework.security.oauth2.provider.OAuth2AuthenticationΩ@bR\0L\0\rstoredRequestt\0<Lorg/springframework/security/oauth2/provider/OAuth2Request;L\0userAuthenticationt\02Lorg/springframework/security/core/Authentication;xr\0Gorg.springframework.security.authentication.AbstractAuthenticationToken”™(~nGd\0Z\0\rauthenticatedL\0authoritiest\0Ljava/util/Collection;L\0detailst\0Ljava/lang/Object;xp\0sr\0&java.util.Collections$UnmodifiableList¸%1µÏé\0L\0listt\0Ljava/util/List;xr\0,java.util.Collections$UnmodifiableCollectionB\0ÄÀ^˜\0L\0cq\0~\0xpsr\0java.util.ArrayListxÅ“ô«aù\0I\0sizexp\0\0\0w\0\0\0sr\0Borg.springframework.security.core.authority.SimpleGrantedAuthority\0\0\0\0\0\0\0L\0rolet\0Ljava/lang/String;xpt\0Systemsq\0~\0\rt\0\nSystemUsersq\0~\0\rt\0SystemUserDeletesq\0~\0\rt\0SystemUserInsertsq\0~\0\rt\0SystemUserUpdatesq\0~\0\rt\0SystemUserViewxq\0~\0psr\0:org.springframework.security.oauth2.provider.OAuth2Request\0\0\0\0\0\0\0\0Z\0approvedL\0authoritiesq\0~\0L\0\nextensionst\0Ljava/util/Map;L\0redirectUriq\0~\0L\0refresht\0;Lorg/springframework/security/oauth2/provider/TokenRequest;L\0resourceIdst\0Ljava/util/Set;L\0\rresponseTypesq\0~\0xr\08org.springframework.security.oauth2.provider.BaseRequest6(z>£qiΩ\0L\0clientIdq\0~\0L\0requestParametersq\0~\0L\0scopeq\0~\0xpt\0client1sr\0%java.util.Collections$UnmodifiableMapÒ•®˛tıB\0L\0mq\0~\0xpsr\0java.util.HashMap⁄¡√`—\0F\0\nloadFactorI\0	thresholdxp?@\0\0\0\0\0w\0\0\0\0\0\0t\0codet\0xa4b3kt\0\ngrant_typet\0authorization_codet\0\rresponse_typet\0codet\0redirect_urit\0http://localhost:9006/logint\0statet\0TdohHKt\0	client_idq\0~\0!xsr\0%java.util.Collections$UnmodifiableSetÄí—èõÄU\0\0xq\0~\0	sr\0java.util.LinkedHashSetÿl◊Zï›*\0\0xr\0java.util.HashSet∫DÖïñ∏∑4\0\0xpw\0\0\0?@\0\0\0\0\0t\0appxsq\0~\04w\0\0\0?@\0\0\0\0\0\0xsq\0~\0$?@\0\0\0\0\0\0w\0\0\0\0\0\0\0xt\0http://localhost:9006/loginpsq\0~\04w\0\0\0?@\0\0\0\0\0\0xsq\0~\04w\0\0\0?@\0\0\0\0\0q\0~\0+xsr\0Oorg.springframework.security.authentication.UsernamePasswordAuthenticationToken\0\0\0\0\0\0\0L\0credentialsq\0~\0L\0	principalq\0~\0xq\0~\0sq\0~\0sq\0~\0\0\0\0w\0\0\0q\0~\0q\0~\0q\0~\0q\0~\0q\0~\0q\0~\0xq\0~\0?sr\0Horg.springframework.security.web.authentication.WebAuthenticationDetails\0\0\0\0\0\0\0L\0\rremoteAddressq\0~\0L\0	sessionIdq\0~\0xpt\00:0:0:0:0:0:0:1t\0 72F8EB092582FE4342BC2B383CDF65C1psr\02org.springframework.security.core.userdetails.User\0\0\0\0\0\0\0Z\0accountNonExpiredZ\0accountNonLockedZ\0credentialsNonExpiredZ\0enabledL\0authoritiesq\0~\0L\0passwordq\0~\0L\0usernameq\0~\0xpsq\0~\01sr\0java.util.TreeSet›òPìïÌá[\0\0xpsr\0Forg.springframework.security.core.userdetails.User$AuthorityComparator\0\0\0\0\0\0\0\0xpw\0\0\0q\0~\0q\0~\0q\0~\0q\0~\0q\0~\0q\0~\0xpt\0admin','3a5ab8f53b95dd0c249108609c9564a8'),('71f28d48924ca93addf7fcd8af604323','¨Ì\0sr\0Corg.springframework.security.oauth2.common.DefaultOAuth2AccessToken≤û6$˙Œ\0L\0additionalInformationt\0Ljava/util/Map;L\0\nexpirationt\0Ljava/util/Date;L\0refreshTokent\0?Lorg/springframework/security/oauth2/common/OAuth2RefreshToken;L\0scopet\0Ljava/util/Set;L\0	tokenTypet\0Ljava/lang/String;L\0valueq\0~\0xpsr\0java.util.Collections$EmptyMapY6ÖZ‹Á–\0\0xpsr\0java.util.DatehjÅKYt\0\0xpw\0\0qMz¥;xsr\0Lorg.springframework.security.oauth2.common.DefaultExpiringOAuth2RefreshToken/ﬂGcù–…∑\0L\0\nexpirationq\0~\0xr\0Dorg.springframework.security.oauth2.common.DefaultOAuth2RefreshTokens·\ncT‘^\0L\0valueq\0~\0xpt\0$8a0c684e-2a74-4f9d-8603-bdd185b66438sq\0~\0	w\0\0qMvÊˇxsr\0%java.util.Collections$UnmodifiableSetÄí—èõÄU\0\0xr\0,java.util.Collections$UnmodifiableCollectionB\0ÄÀ^˜\0L\0ct\0Ljava/util/Collection;xpsr\0java.util.LinkedHashSetÿl◊Zï›*\0\0xr\0java.util.HashSet∫DÖïñ∏∑4\0\0xpw\0\0\0?@\0\0\0\0\0t\0allxt\0bearert\0$4782795b-4d6f-477b-85b9-88dd8b0d2362','fcf2541d545ead3690bf5fd11c5e6f5f','root01','net5ijy','¨Ì\0sr\0Aorg.springframework.security.oauth2.provider.OAuth2AuthenticationΩ@bR\0L\0\rstoredRequestt\0<Lorg/springframework/security/oauth2/provider/OAuth2Request;L\0userAuthenticationt\02Lorg/springframework/security/core/Authentication;xr\0Gorg.springframework.security.authentication.AbstractAuthenticationToken”™(~nGd\0Z\0\rauthenticatedL\0authoritiest\0Ljava/util/Collection;L\0detailst\0Ljava/lang/Object;xp\0sr\0&java.util.Collections$UnmodifiableList¸%1µÏé\0L\0listt\0Ljava/util/List;xr\0,java.util.Collections$UnmodifiableCollectionB\0ÄÀ^˜\0L\0cq\0~\0xpsr\0java.util.ArrayListxÅ“ô«aù\0I\0sizexp\0\0\0w\0\0\0sr\0Borg.springframework.security.core.authority.SimpleGrantedAuthority\0\0\0\0\0\0˛\0L\0rolet\0Ljava/lang/String;xpt\0ROLE_ROLE_adminsq\0~\0\rt\0\rROLE_ROLE_dbaxq\0~\0psr\0:org.springframework.security.oauth2.provider.OAuth2Request\0\0\0\0\0\0\0\0Z\0approvedL\0authoritiesq\0~\0L\0\nextensionst\0Ljava/util/Map;L\0redirectUriq\0~\0L\0refresht\0;Lorg/springframework/security/oauth2/provider/TokenRequest;L\0resourceIdst\0Ljava/util/Set;L\0\rresponseTypesq\0~\0xr\08org.springframework.security.oauth2.provider.BaseRequest6(z>£qiΩ\0L\0clientIdq\0~\0L\0requestParametersq\0~\0L\0scopeq\0~\0xpt\0net5ijysr\0%java.util.Collections$UnmodifiableMapÒ•®˛tıB\0L\0mq\0~\0xpsr\0java.util.HashMap⁄¡√`—\0F\0\nloadFactorI\0	thresholdxp?@\0\0\0\0\0w\0\0\0\0\0\0t\0codet\0Pxp4cdt\0\ngrant_typet\0authorization_codet\0scopet\0allt\0\rresponse_typet\0codet\0redirect_urit\0http://localhost:8081/callbackt\0\rclient_secrett\0123456t\0	client_idt\0net5ijyxsr\0%java.util.Collections$UnmodifiableSetÄí—èõÄU\0\0xq\0~\0	sr\0java.util.LinkedHashSetÿl◊Zï›*\0\0xr\0java.util.HashSet∫DÖïñ∏∑4\0\0xpw\0\0\0?@\0\0\0\0\0t\0allxsq\0~\0/w\0\0\0?@\0\0\0\0\0sq\0~\0\rt\0ROLE_TRUSTED_CLIENTxsq\0~\0?@\0\0\0\0\0\0w\0\0\0\0\0\0\0xt\0http://localhost:8081/callbackpsq\0~\0/w\0\0\0?@\0\0\0\0\0t\0oauth2-resourcexsq\0~\0/w\0\0\0?@\0\0\0\0\0q\0~\0%xsr\0Oorg.springframework.security.authentication.UsernamePasswordAuthenticationToken\0\0\0\0\0\0˛\0L\0credentialsq\0~\0L\0	principalq\0~\0xq\0~\0sq\0~\0sq\0~\0\0\0\0w\0\0\0q\0~\0q\0~\0xq\0~\0=sr\0Horg.springframework.security.web.authentication.WebAuthenticationDetails\0\0\0\0\0\0˛\0L\0\rremoteAddressq\0~\0L\0	sessionIdq\0~\0xpt\00:0:0:0:0:0:0:1t\0 12C1B2B3BD51C986950D961BC703916Dpsr\02org.springframework.security.core.userdetails.User\0\0\0\0\0\0˛\0Z\0accountNonExpiredZ\0accountNonLockedZ\0credentialsNonExpiredZ\0enabledL\0authoritiesq\0~\0L\0passwordq\0~\0L\0usernameq\0~\0xpsq\0~\0,sr\0java.util.TreeSet›òPìïÌá[\0\0xpsr\0Forg.springframework.security.core.userdetails.User$AuthorityComparator\0\0\0\0\0\0˛\0\0xpw\0\0\0q\0~\0q\0~\0xpt\0root01','35c5b61beb36c1b3869f8e00e0fc4f30');

/*Table structure for table `oauth_approvals` */

DROP TABLE IF EXISTS `oauth_approvals`;

CREATE TABLE `oauth_approvals` (
  `userId` varchar(255) DEFAULT NULL,
  `clientId` varchar(255) DEFAULT NULL,
  `scope` varchar(255) DEFAULT NULL,
  `status` varchar(10) DEFAULT NULL,
  `expiresAt` timestamp NOT NULL DEFAULT CURRENT_TIMESTAMP ON UPDATE CURRENT_TIMESTAMP,
  `lastModifiedAt` timestamp NOT NULL DEFAULT '0000-00-00 00:00:00'
) ENGINE=InnoDB DEFAULT CHARSET=utf8;

/*Data for the table `oauth_approvals` */

insert  into `oauth_approvals`(`userId`,`clientId`,`scope`,`status`,`expiresAt`,`lastModifiedAt`) values ('admin1','tencent','all','APPROVED','2020-05-08 18:18:32','2020-04-08 18:18:32'),('admin1','tencent','write','DENIED','2020-05-08 18:18:32','2020-04-08 18:18:32'),('admin1','tencent','read','DENIED','2020-05-08 18:18:32','2020-04-08 18:18:32'),('admin1','net5ijy','read','DENIED','2020-05-08 18:18:35','2020-04-08 18:18:35'),('admin1','net5ijy','write','DENIED','2020-05-08 18:18:35','2020-04-08 18:18:35'),('admin1','net5ijy','all','APPROVED','2020-05-08 18:18:35','2020-04-08 18:18:35');

/*Table structure for table `oauth_client_details` */

DROP TABLE IF EXISTS `oauth_client_details`;

CREATE TABLE `oauth_client_details` (
  `client_id` varchar(255) NOT NULL,
  `resource_ids` varchar(255) DEFAULT NULL,
  `client_secret` varchar(255) DEFAULT NULL,
  `scope` varchar(255) DEFAULT NULL,
  `authorized_grant_types` varchar(255) DEFAULT NULL,
  `web_server_redirect_uri` varchar(255) DEFAULT NULL,
  `authorities` varchar(255) DEFAULT NULL,
  `access_token_validity` int(11) DEFAULT NULL,
  `refresh_token_validity` int(11) DEFAULT NULL,
  `additional_information` text,
  `autoapprove` varchar(255) DEFAULT NULL,
  PRIMARY KEY (`client_id`)
) ENGINE=InnoDB DEFAULT CHARSET=utf8;

/*Data for the table `oauth_client_details` */

insert  into `oauth_client_details`(`client_id`,`resource_ids`,`client_secret`,`scope`,`authorized_grant_types`,`web_server_redirect_uri`,`authorities`,`access_token_validity`,`refresh_token_validity`,`additional_information`,`autoapprove`) values ('client','','$2a$10$GwHc8WxGx7fzgKQ.hTEfpe5UcRoCbHZBmtdK90lTi4aP.qmmD2kKu','app','authorization_code,client_credentials,implicit,password,refresh_token','http://localhost:9005/login','',360000,3600,'{\"country\":\"CN\",\"country_code\":\"086\"}','TAIJI'),('client1',NULL,'$2a$10$GwHc8WxGx7fzgKQ.hTEfpe5UcRoCbHZBmtdK90lTi4aP.qmmD2kKu','app','authorization_code,client_credentials,implicit,password,refresh_token','http://localhost:9006/login',NULL,360000,3600,'{\"country\":\"CN\",\"country_code\":\"086\"}','TAIJI'),('client2',NULL,'$2a$10$GwHc8WxGx7fzgKQ.hTEfpe5UcRoCbHZBmtdK90lTi4aP.qmmD2kKu','app','authorization_code,client_credentials,implicit,password,refresh_token','http://localhost:9007/login',NULL,360000,3600,'{\"country\":\"CN\",\"country_code\":\"086\"}','TAIJI'),('net5ijy','oauth2-resource','$2a$10$V3NT2cwygGEaJGOzaOCNme7V780l6F0RdiafBMx7GRgAj2Kj3YdAi','all,read,write','authorization_code,refresh_token,password','http://localhost:8080/login','ROLE_TRUSTED_CLIENT',43200,43200,NULL,NULL),('tencent','oauth2-resource','$2a$10$V3NT2cwygGEaJGOzaOCNme7V780l6F0RdiafBMx7GRgAj2Kj3YdAi','all,read,write','authorization_code,password','http://localhost:8082/login','ROLE_TRUSTED_CLIENT',1800,1800,NULL,NULL);

/*Table structure for table `oauth_client_token` */

DROP TABLE IF EXISTS `oauth_client_token`;

CREATE TABLE `oauth_client_token` (
  `token_id` varchar(255) DEFAULT NULL,
  `token` blob,
  `authentication_id` varchar(255) NOT NULL,
  `user_name` varchar(255) DEFAULT NULL,
  `client_id` varchar(255) DEFAULT NULL,
  PRIMARY KEY (`authentication_id`)
) ENGINE=InnoDB DEFAULT CHARSET=utf8;

/*Data for the table `oauth_client_token` */

/*Table structure for table `oauth_code` */

DROP TABLE IF EXISTS `oauth_code`;

CREATE TABLE `oauth_code` (
  `code` varchar(255) DEFAULT NULL,
  `authentication` blob,
  KEY `code_index` (`code`)
) ENGINE=InnoDB DEFAULT CHARSET=utf8;

/*Data for the table `oauth_code` */

/*Table structure for table `oauth_refresh_token` */

DROP TABLE IF EXISTS `oauth_refresh_token`;

CREATE TABLE `oauth_refresh_token` (
  `token_id` varchar(255) DEFAULT NULL,
  `token` blob,
  `authentication` blob,
  KEY `token_id_index` (`token_id`)
) ENGINE=InnoDB DEFAULT CHARSET=utf8;

/*Data for the table `oauth_refresh_token` */

insert  into `oauth_refresh_token`(`token_id`,`token`,`authentication`) values ('c5bc3e564c00adbea2468373eb8d6691','¨Ì\0sr\0Lorg.springframework.security.oauth2.common.DefaultExpiringOAuth2RefreshToken/ﬂGcù–…∑\0L\0\nexpirationt\0Ljava/util/Date;xr\0Dorg.springframework.security.oauth2.common.DefaultOAuth2RefreshTokens·\ncT‘^\0L\0valuet\0Ljava/lang/String;xpt\0$865137b6-4a41-498b-945e-79e8c9593fcasr\0java.util.DatehjÅKYt\0\0xpw\0\0q_¬º1x','¨Ì\0sr\0Aorg.springframework.security.oauth2.provider.OAuth2AuthenticationΩ@bR\0L\0\rstoredRequestt\0<Lorg/springframework/security/oauth2/provider/OAuth2Request;L\0userAuthenticationt\02Lorg/springframework/security/core/Authentication;xr\0Gorg.springframework.security.authentication.AbstractAuthenticationToken”™(~nGd\0Z\0\rauthenticatedL\0authoritiest\0Ljava/util/Collection;L\0detailst\0Ljava/lang/Object;xp\0sr\0&java.util.Collections$UnmodifiableList¸%1µÏé\0L\0listt\0Ljava/util/List;xr\0,java.util.Collections$UnmodifiableCollectionB\0ÄÀ^˜\0L\0cq\0~\0xpsr\0java.util.ArrayListxÅ“ô«aù\0I\0sizexp\0\0\0\0w\0\0\0\0xq\0~\0psr\0:org.springframework.security.oauth2.provider.OAuth2Request\0\0\0\0\0\0\0\0Z\0approvedL\0authoritiesq\0~\0L\0\nextensionst\0Ljava/util/Map;L\0redirectUrit\0Ljava/lang/String;L\0refresht\0;Lorg/springframework/security/oauth2/provider/TokenRequest;L\0resourceIdst\0Ljava/util/Set;L\0\rresponseTypesq\0~\0xr\08org.springframework.security.oauth2.provider.BaseRequest6(z>£qiΩ\0L\0clientIdq\0~\0L\0requestParametersq\0~\0L\0scopeq\0~\0xpt\0clientsr\0%java.util.Collections$UnmodifiableMapÒ•®˛tıB\0L\0mq\0~\0xpsr\0java.util.HashMap⁄¡√`—\0F\0\nloadFactorI\0	thresholdxp?@\0\0\0\0\0w\0\0\0\0\0\0t\0codet\03dzM67t\0\ngrant_typet\0authorization_codet\0\rresponse_typet\0codet\0redirect_urit\0http://localhost:9005/logint\0statet\0Yv09TQt\0	client_idq\0~\0xsr\0%java.util.Collections$UnmodifiableSetÄí—èõÄU\0\0xq\0~\0	sr\0java.util.LinkedHashSetÿl◊Zï›*\0\0xr\0java.util.HashSet∫DÖïñ∏∑4\0\0xpw\0\0\0?@\0\0\0\0\0t\0appxsq\0~\0\'w\0\0\0?@\0\0\0\0\0\0xsq\0~\0?@\0\0\0\0\0\0w\0\0\0\0\0\0\0xt\0http://localhost:9005/loginpsq\0~\0\'w\0\0\0?@\0\0\0\0\0\0xsq\0~\0\'w\0\0\0?@\0\0\0\0\0q\0~\0xsr\0Oorg.springframework.security.authentication.UsernamePasswordAuthenticationToken\0\0\0\0\0\0˛\0L\0credentialsq\0~\0L\0	principalq\0~\0xq\0~\0sq\0~\0sq\0~\0\0\0\0\0w\0\0\0\0xq\0~\02sr\0Horg.springframework.security.web.authentication.WebAuthenticationDetails\0\0\0\0\0\0˛\0L\0\rremoteAddressq\0~\0L\0	sessionIdq\0~\0xpt\0	127.0.0.1t\0 3491193196C38D4C2FD52B2B94C041C8psr\02org.springframework.security.core.userdetails.User\0\0\0\0\0\0˛\0Z\0accountNonExpiredZ\0accountNonLockedZ\0credentialsNonExpiredZ\0enabledL\0authoritiesq\0~\0L\0passwordq\0~\0L\0usernameq\0~\0xpsq\0~\0$sr\0java.util.TreeSet›òPìïÌá[\0\0xpsr\0Forg.springframework.security.core.userdetails.User$AuthorityComparator\0\0\0\0\0\0˛\0\0xpw\0\0\0\0xpt\0user'),('d81349d7c26008ab440e053187f4555a','¨Ì\0sr\0Lorg.springframework.security.oauth2.common.DefaultExpiringOAuth2RefreshToken/ﬂGcù–…∑\0L\0\nexpirationt\0Ljava/util/Date;xr\0Dorg.springframework.security.oauth2.common.DefaultOAuth2RefreshTokens·\ncT‘^\0L\0valuet\0Ljava/lang/String;xpt\0$a0543f18-2d85-4d12-9c49-186ba5a8ad37sr\0java.util.DatehjÅKYt\0\0xpw\0\0qaü§êx','¨Ì\0sr\0Aorg.springframework.security.oauth2.provider.OAuth2AuthenticationΩ@bR\0L\0\rstoredRequestt\0<Lorg/springframework/security/oauth2/provider/OAuth2Request;L\0userAuthenticationt\02Lorg/springframework/security/core/Authentication;xr\0Gorg.springframework.security.authentication.AbstractAuthenticationToken”™(~nGd\0Z\0\rauthenticatedL\0authoritiest\0Ljava/util/Collection;L\0detailst\0Ljava/lang/Object;xp\0sr\0&java.util.Collections$UnmodifiableList¸%1µÏé\0L\0listt\0Ljava/util/List;xr\0,java.util.Collections$UnmodifiableCollectionB\0ÄÀ^˜\0L\0cq\0~\0xpsr\0java.util.ArrayListxÅ“ô«aù\0I\0sizexp\0\0\0\0w\0\0\0\0xq\0~\0psr\0:org.springframework.security.oauth2.provider.OAuth2Request\0\0\0\0\0\0\0\0Z\0approvedL\0authoritiesq\0~\0L\0\nextensionst\0Ljava/util/Map;L\0redirectUrit\0Ljava/lang/String;L\0refresht\0;Lorg/springframework/security/oauth2/provider/TokenRequest;L\0resourceIdst\0Ljava/util/Set;L\0\rresponseTypesq\0~\0xr\08org.springframework.security.oauth2.provider.BaseRequest6(z>£qiΩ\0L\0clientIdq\0~\0L\0requestParametersq\0~\0L\0scopeq\0~\0xpt\0client1sr\0%java.util.Collections$UnmodifiableMapÒ•®˛tıB\0L\0mq\0~\0xpsr\0java.util.HashMap⁄¡√`—\0F\0\nloadFactorI\0	thresholdxp?@\0\0\0\0\0w\0\0\0\0\0\0t\0codet\057dpKDt\0\ngrant_typet\0authorization_codet\0\rresponse_typet\0codet\0redirect_urit\0http://localhost:9006/logint\0statet\084yPYft\0	client_idq\0~\0xsr\0%java.util.Collections$UnmodifiableSetÄí—èõÄU\0\0xq\0~\0	sr\0java.util.LinkedHashSetÿl◊Zï›*\0\0xr\0java.util.HashSet∫DÖïñ∏∑4\0\0xpw\0\0\0?@\0\0\0\0\0t\0appxsq\0~\0\'w\0\0\0?@\0\0\0\0\0\0xsq\0~\0?@\0\0\0\0\0\0w\0\0\0\0\0\0\0xt\0http://localhost:9006/loginpsq\0~\0\'w\0\0\0?@\0\0\0\0\0\0xsq\0~\0\'w\0\0\0?@\0\0\0\0\0q\0~\0xsr\0Oorg.springframework.security.authentication.UsernamePasswordAuthenticationToken\0\0\0\0\0\0˛\0L\0credentialsq\0~\0L\0	principalq\0~\0xq\0~\0sq\0~\0sq\0~\0\0\0\0\0w\0\0\0\0xq\0~\02sr\0Horg.springframework.security.web.authentication.WebAuthenticationDetails\0\0\0\0\0\0˛\0L\0\rremoteAddressq\0~\0L\0	sessionIdq\0~\0xpt\0	127.0.0.1t\0 2C21578DDFA28C42C9CDDBC611907B09psr\02org.springframework.security.core.userdetails.User\0\0\0\0\0\0˛\0Z\0accountNonExpiredZ\0accountNonLockedZ\0credentialsNonExpiredZ\0enabledL\0authoritiesq\0~\0L\0passwordq\0~\0L\0usernameq\0~\0xpsq\0~\0$sr\0java.util.TreeSet›òPìïÌá[\0\0xpsr\0Forg.springframework.security.core.userdetails.User$AuthorityComparator\0\0\0\0\0\0˛\0\0xpw\0\0\0\0xpt\0user'),('280a4a33616cb6f81088ccc227c3ca4c','¨Ì\0sr\0Lorg.springframework.security.oauth2.common.DefaultExpiringOAuth2RefreshToken/ﬂGcù–…∑\0L\0\nexpirationt\0Ljava/util/Date;xr\0Dorg.springframework.security.oauth2.common.DefaultOAuth2RefreshTokens·\ncT‘^\0L\0valuet\0Ljava/lang/String;xpt\0$ac0f81e8-cc5a-4ca8-8117-416b1e6f1823sr\0java.util.DatehjÅKYt\0\0xpw\0\0qb`¢6x','¨Ì\0sr\0Aorg.springframework.security.oauth2.provider.OAuth2AuthenticationΩ@bR\0L\0\rstoredRequestt\0<Lorg/springframework/security/oauth2/provider/OAuth2Request;L\0userAuthenticationt\02Lorg/springframework/security/core/Authentication;xr\0Gorg.springframework.security.authentication.AbstractAuthenticationToken”™(~nGd\0Z\0\rauthenticatedL\0authoritiest\0Ljava/util/Collection;L\0detailst\0Ljava/lang/Object;xp\0sr\0&java.util.Collections$UnmodifiableList¸%1µÏé\0L\0listt\0Ljava/util/List;xr\0,java.util.Collections$UnmodifiableCollectionB\0ÄÀ^˜\0L\0cq\0~\0xpsr\0java.util.ArrayListxÅ“ô«aù\0I\0sizexp\0\0\0w\0\0\0sr\0Borg.springframework.security.core.authority.SimpleGrantedAuthority\0\0\0\0\0\0˛\0L\0rolet\0Ljava/lang/String;xpt\0Systemsq\0~\0\rt\0\nSystemUsersq\0~\0\rt\0SystemUserDeletesq\0~\0\rt\0SystemUserInsertsq\0~\0\rt\0SystemUserUpdatesq\0~\0\rt\0SystemUserViewxq\0~\0psr\0:org.springframework.security.oauth2.provider.OAuth2Request\0\0\0\0\0\0\0\0Z\0approvedL\0authoritiesq\0~\0L\0\nextensionst\0Ljava/util/Map;L\0redirectUriq\0~\0L\0refresht\0;Lorg/springframework/security/oauth2/provider/TokenRequest;L\0resourceIdst\0Ljava/util/Set;L\0\rresponseTypesq\0~\0xr\08org.springframework.security.oauth2.provider.BaseRequest6(z>£qiΩ\0L\0clientIdq\0~\0L\0requestParametersq\0~\0L\0scopeq\0~\0xpt\0clientsr\0%java.util.Collections$UnmodifiableMapÒ•®˛tıB\0L\0mq\0~\0xpsr\0java.util.HashMap⁄¡√`—\0F\0\nloadFactorI\0	thresholdxp?@\0\0\0\0\0w\0\0\0\0\0\0t\0codet\0aU96Hyt\0\ngrant_typet\0authorization_codet\0\rresponse_typet\0codet\0redirect_urit\0http://localhost:9005/logint\0statet\0XYMKSct\0	client_idq\0~\0!xsr\0%java.util.Collections$UnmodifiableSetÄí—èõÄU\0\0xq\0~\0	sr\0java.util.LinkedHashSetÿl◊Zï›*\0\0xr\0java.util.HashSet∫DÖïñ∏∑4\0\0xpw\0\0\0?@\0\0\0\0\0t\0appxsq\0~\04w\0\0\0?@\0\0\0\0\0\0xsq\0~\0$?@\0\0\0\0\0\0w\0\0\0\0\0\0\0xt\0http://localhost:9005/loginpsq\0~\04w\0\0\0?@\0\0\0\0\0\0xsq\0~\04w\0\0\0?@\0\0\0\0\0q\0~\0+xsr\0Oorg.springframework.security.authentication.UsernamePasswordAuthenticationToken\0\0\0\0\0\0˛\0L\0credentialsq\0~\0L\0	principalq\0~\0xq\0~\0sq\0~\0sq\0~\0\0\0\0w\0\0\0q\0~\0q\0~\0q\0~\0q\0~\0q\0~\0q\0~\0xq\0~\0?sr\0Horg.springframework.security.web.authentication.WebAuthenticationDetails\0\0\0\0\0\0˛\0L\0\rremoteAddressq\0~\0L\0	sessionIdq\0~\0xpt\00:0:0:0:0:0:0:1t\0 B194596C4BDE55348313EB00FC887EF6psr\02org.springframework.security.core.userdetails.User\0\0\0\0\0\0˛\0Z\0accountNonExpiredZ\0accountNonLockedZ\0credentialsNonExpiredZ\0enabledL\0authoritiesq\0~\0L\0passwordq\0~\0L\0usernameq\0~\0xpsq\0~\01sr\0java.util.TreeSet›òPìïÌá[\0\0xpsr\0Forg.springframework.security.core.userdetails.User$AuthorityComparator\0\0\0\0\0\0˛\0\0xpw\0\0\0q\0~\0q\0~\0q\0~\0q\0~\0q\0~\0q\0~\0xpt\0admin'),('38824292728841f0af0fb49efcde9793','¨Ì\0sr\0Lorg.springframework.security.oauth2.common.DefaultExpiringOAuth2RefreshToken/ﬂGcù–…∑\0L\0\nexpirationt\0Ljava/util/Date;xr\0Dorg.springframework.security.oauth2.common.DefaultOAuth2RefreshTokens·\ncT‘^\0L\0valuet\0Ljava/lang/String;xpt\0$963ae77e-769c-4f6f-8210-402f872a7459sr\0java.util.DatehjÅKYt\0\0xpw\0\0qbcY.x','¨Ì\0sr\0Aorg.springframework.security.oauth2.provider.OAuth2AuthenticationΩ@bR\0L\0\rstoredRequestt\0<Lorg/springframework/security/oauth2/provider/OAuth2Request;L\0userAuthenticationt\02Lorg/springframework/security/core/Authentication;xr\0Gorg.springframework.security.authentication.AbstractAuthenticationToken”™(~nGd\0Z\0\rauthenticatedL\0authoritiest\0Ljava/util/Collection;L\0detailst\0Ljava/lang/Object;xp\0sr\0&java.util.Collections$UnmodifiableList¸%1µÏé\0L\0listt\0Ljava/util/List;xr\0,java.util.Collections$UnmodifiableCollectionB\0ÄÀ^˜\0L\0cq\0~\0xpsr\0java.util.ArrayListxÅ“ô«aù\0I\0sizexp\0\0\0w\0\0\0sr\0Borg.springframework.security.core.authority.SimpleGrantedAuthority\0\0\0\0\0\0˛\0L\0rolet\0Ljava/lang/String;xpt\0Systemsq\0~\0\rt\0\nSystemUsersq\0~\0\rt\0SystemUserDeletesq\0~\0\rt\0SystemUserInsertsq\0~\0\rt\0SystemUserUpdatesq\0~\0\rt\0SystemUserViewxq\0~\0psr\0:org.springframework.security.oauth2.provider.OAuth2Request\0\0\0\0\0\0\0\0Z\0approvedL\0authoritiesq\0~\0L\0\nextensionst\0Ljava/util/Map;L\0redirectUriq\0~\0L\0refresht\0;Lorg/springframework/security/oauth2/provider/TokenRequest;L\0resourceIdst\0Ljava/util/Set;L\0\rresponseTypesq\0~\0xr\08org.springframework.security.oauth2.provider.BaseRequest6(z>£qiΩ\0L\0clientIdq\0~\0L\0requestParametersq\0~\0L\0scopeq\0~\0xpt\0client1sr\0%java.util.Collections$UnmodifiableMapÒ•®˛tıB\0L\0mq\0~\0xpsr\0java.util.HashMap⁄¡√`—\0F\0\nloadFactorI\0	thresholdxp?@\0\0\0\0\0w\0\0\0\0\0\0t\0codet\0y2tn61t\0\ngrant_typet\0authorization_codet\0\rresponse_typet\0codet\0redirect_urit\0http://localhost:9006/logint\0statet\0fpgXvUt\0	client_idq\0~\0!xsr\0%java.util.Collections$UnmodifiableSetÄí—èõÄU\0\0xq\0~\0	sr\0java.util.LinkedHashSetÿl◊Zï›*\0\0xr\0java.util.HashSet∫DÖïñ∏∑4\0\0xpw\0\0\0?@\0\0\0\0\0t\0appxsq\0~\04w\0\0\0?@\0\0\0\0\0\0xsq\0~\0$?@\0\0\0\0\0\0w\0\0\0\0\0\0\0xt\0http://localhost:9006/loginpsq\0~\04w\0\0\0?@\0\0\0\0\0\0xsq\0~\04w\0\0\0?@\0\0\0\0\0q\0~\0+xsr\0Oorg.springframework.security.authentication.UsernamePasswordAuthenticationToken\0\0\0\0\0\0˛\0L\0credentialsq\0~\0L\0	principalq\0~\0xq\0~\0sq\0~\0sq\0~\0\0\0\0w\0\0\0q\0~\0q\0~\0q\0~\0q\0~\0q\0~\0q\0~\0xq\0~\0?sr\0Horg.springframework.security.web.authentication.WebAuthenticationDetails\0\0\0\0\0\0˛\0L\0\rremoteAddressq\0~\0L\0	sessionIdq\0~\0xpt\00:0:0:0:0:0:0:1t\0 E1D437D14CB7A4A992A8A4E543980B7Fpsr\02org.springframework.security.core.userdetails.User\0\0\0\0\0\0˛\0Z\0accountNonExpiredZ\0accountNonLockedZ\0credentialsNonExpiredZ\0enabledL\0authoritiesq\0~\0L\0passwordq\0~\0L\0usernameq\0~\0xpsq\0~\01sr\0java.util.TreeSet›òPìïÌá[\0\0xpsr\0Forg.springframework.security.core.userdetails.User$AuthorityComparator\0\0\0\0\0\0˛\0\0xpw\0\0\0q\0~\0q\0~\0q\0~\0q\0~\0q\0~\0q\0~\0xpt\0admin'),('95abf2b1636c61a6777b1d8b64243e56','¨Ì\0sr\0Lorg.springframework.security.oauth2.common.DefaultExpiringOAuth2RefreshToken/ﬂGcù–…∑\0L\0\nexpirationt\0Ljava/util/Date;xr\0Dorg.springframework.security.oauth2.common.DefaultOAuth2RefreshTokens·\ncT‘^\0L\0valuet\0Ljava/lang/String;xpt\0$6e351f00-64ce-4df6-9dbc-21706fc1a923sr\0java.util.DatehjÅKYt\0\0xpw\0\0q}ß.ãx','¨Ì\0sr\0Aorg.springframework.security.oauth2.provider.OAuth2AuthenticationΩ@bR\0L\0\rstoredRequestt\0<Lorg/springframework/security/oauth2/provider/OAuth2Request;L\0userAuthenticationt\02Lorg/springframework/security/core/Authentication;xr\0Gorg.springframework.security.authentication.AbstractAuthenticationToken”™(~nGd\0Z\0\rauthenticatedL\0authoritiest\0Ljava/util/Collection;L\0detailst\0Ljava/lang/Object;xp\0sr\0&java.util.Collections$UnmodifiableList¸%1µÏé\0L\0listt\0Ljava/util/List;xr\0,java.util.Collections$UnmodifiableCollectionB\0ÄÀ^˜\0L\0cq\0~\0xpsr\0java.util.ArrayListxÅ“ô«aù\0I\0sizexp\0\0\0w\0\0\0sr\0Borg.springframework.security.core.authority.SimpleGrantedAuthority\0\0\0\0\0\0\0L\0rolet\0Ljava/lang/String;xpt\0Systemsq\0~\0\rt\0\nSystemUsersq\0~\0\rt\0SystemUserDeletesq\0~\0\rt\0SystemUserInsertsq\0~\0\rt\0SystemUserUpdatesq\0~\0\rt\0SystemUserViewxq\0~\0psr\0:org.springframework.security.oauth2.provider.OAuth2Request\0\0\0\0\0\0\0\0Z\0approvedL\0authoritiesq\0~\0L\0\nextensionst\0Ljava/util/Map;L\0redirectUriq\0~\0L\0refresht\0;Lorg/springframework/security/oauth2/provider/TokenRequest;L\0resourceIdst\0Ljava/util/Set;L\0\rresponseTypesq\0~\0xr\08org.springframework.security.oauth2.provider.BaseRequest6(z>£qiΩ\0L\0clientIdq\0~\0L\0requestParametersq\0~\0L\0scopeq\0~\0xpt\0clientsr\0%java.util.Collections$UnmodifiableMapÒ•®˛tıB\0L\0mq\0~\0xpsr\0java.util.HashMap⁄¡√`—\0F\0\nloadFactorI\0	thresholdxp?@\0\0\0\0\0w\0\0\0\0\0\0t\0codet\06pR40Jt\0\ngrant_typet\0authorization_codet\0\rresponse_typet\0codet\0redirect_urit\0http://localhost:9005/logint\0statet\0ctUyT8t\0	client_idq\0~\0!xsr\0%java.util.Collections$UnmodifiableSetÄí—èõÄU\0\0xq\0~\0	sr\0java.util.LinkedHashSetÿl◊Zï›*\0\0xr\0java.util.HashSet∫DÖïñ∏∑4\0\0xpw\0\0\0?@\0\0\0\0\0t\0appxsq\0~\04w\0\0\0?@\0\0\0\0\0\0xsq\0~\0$?@\0\0\0\0\0\0w\0\0\0\0\0\0\0xt\0http://localhost:9005/loginpsq\0~\04w\0\0\0?@\0\0\0\0\0\0xsq\0~\04w\0\0\0?@\0\0\0\0\0q\0~\0+xsr\0Oorg.springframework.security.authentication.UsernamePasswordAuthenticationToken\0\0\0\0\0\0\0L\0credentialsq\0~\0L\0	principalq\0~\0xq\0~\0sq\0~\0sq\0~\0\0\0\0w\0\0\0q\0~\0q\0~\0q\0~\0q\0~\0q\0~\0q\0~\0xq\0~\0?sr\0Horg.springframework.security.web.authentication.WebAuthenticationDetails\0\0\0\0\0\0\0L\0\rremoteAddressq\0~\0L\0	sessionIdq\0~\0xpt\00:0:0:0:0:0:0:1t\0 95F64E57A97172D318C9DC3E1039D2F7psr\02org.springframework.security.core.userdetails.User\0\0\0\0\0\0\0Z\0accountNonExpiredZ\0accountNonLockedZ\0credentialsNonExpiredZ\0enabledL\0authoritiesq\0~\0L\0passwordq\0~\0L\0usernameq\0~\0xpsq\0~\01sr\0java.util.TreeSet›òPìïÌá[\0\0xpsr\0Forg.springframework.security.core.userdetails.User$AuthorityComparator\0\0\0\0\0\0\0\0xpw\0\0\0q\0~\0q\0~\0q\0~\0q\0~\0q\0~\0q\0~\0xpt\0admin'),('3a5ab8f53b95dd0c249108609c9564a8','¨Ì\0sr\0Lorg.springframework.security.oauth2.common.DefaultExpiringOAuth2RefreshToken/ﬂGcù–…∑\0L\0\nexpirationt\0Ljava/util/Date;xr\0Dorg.springframework.security.oauth2.common.DefaultOAuth2RefreshTokens·\ncT‘^\0L\0valuet\0Ljava/lang/String;xpt\0$99b4181c-7c90-42d3-b595-9fa0c1253fc3sr\0java.util.DatehjÅKYt\0\0xpw\0\0qÇ\Z<Ÿx','¨Ì\0sr\0Aorg.springframework.security.oauth2.provider.OAuth2AuthenticationΩ@bR\0L\0\rstoredRequestt\0<Lorg/springframework/security/oauth2/provider/OAuth2Request;L\0userAuthenticationt\02Lorg/springframework/security/core/Authentication;xr\0Gorg.springframework.security.authentication.AbstractAuthenticationToken”™(~nGd\0Z\0\rauthenticatedL\0authoritiest\0Ljava/util/Collection;L\0detailst\0Ljava/lang/Object;xp\0sr\0&java.util.Collections$UnmodifiableList¸%1µÏé\0L\0listt\0Ljava/util/List;xr\0,java.util.Collections$UnmodifiableCollectionB\0ÄÀ^˜\0L\0cq\0~\0xpsr\0java.util.ArrayListxÅ“ô«aù\0I\0sizexp\0\0\0w\0\0\0sr\0Borg.springframework.security.core.authority.SimpleGrantedAuthority\0\0\0\0\0\0\0L\0rolet\0Ljava/lang/String;xpt\0Systemsq\0~\0\rt\0\nSystemUsersq\0~\0\rt\0SystemUserDeletesq\0~\0\rt\0SystemUserInsertsq\0~\0\rt\0SystemUserUpdatesq\0~\0\rt\0SystemUserViewxq\0~\0psr\0:org.springframework.security.oauth2.provider.OAuth2Request\0\0\0\0\0\0\0\0Z\0approvedL\0authoritiesq\0~\0L\0\nextensionst\0Ljava/util/Map;L\0redirectUriq\0~\0L\0refresht\0;Lorg/springframework/security/oauth2/provider/TokenRequest;L\0resourceIdst\0Ljava/util/Set;L\0\rresponseTypesq\0~\0xr\08org.springframework.security.oauth2.provider.BaseRequest6(z>£qiΩ\0L\0clientIdq\0~\0L\0requestParametersq\0~\0L\0scopeq\0~\0xpt\0client1sr\0%java.util.Collections$UnmodifiableMapÒ•®˛tıB\0L\0mq\0~\0xpsr\0java.util.HashMap⁄¡√`—\0F\0\nloadFactorI\0	thresholdxp?@\0\0\0\0\0w\0\0\0\0\0\0t\0codet\0ptIAqKt\0\ngrant_typet\0authorization_codet\0\rresponse_typet\0codet\0redirect_urit\0http://localhost:9006/logint\0statet\0GJTxmQt\0	client_idq\0~\0!xsr\0%java.util.Collections$UnmodifiableSetÄí—èõÄU\0\0xq\0~\0	sr\0java.util.LinkedHashSetÿl◊Zï›*\0\0xr\0java.util.HashSet∫DÖïñ∏∑4\0\0xpw\0\0\0?@\0\0\0\0\0t\0appxsq\0~\04w\0\0\0?@\0\0\0\0\0\0xsq\0~\0$?@\0\0\0\0\0\0w\0\0\0\0\0\0\0xt\0http://localhost:9006/loginpsq\0~\04w\0\0\0?@\0\0\0\0\0\0xsq\0~\04w\0\0\0?@\0\0\0\0\0q\0~\0+xsr\0Oorg.springframework.security.authentication.UsernamePasswordAuthenticationToken\0\0\0\0\0\0\0L\0credentialsq\0~\0L\0	principalq\0~\0xq\0~\0sq\0~\0sq\0~\0\0\0\0w\0\0\0q\0~\0q\0~\0q\0~\0q\0~\0q\0~\0q\0~\0xq\0~\0?sr\0Horg.springframework.security.web.authentication.WebAuthenticationDetails\0\0\0\0\0\0\0L\0\rremoteAddressq\0~\0L\0	sessionIdq\0~\0xpt\00:0:0:0:0:0:0:1t\0 2B89553DE42041F0F2BBAE6CD248D089psr\02org.springframework.security.core.userdetails.User\0\0\0\0\0\0\0Z\0accountNonExpiredZ\0accountNonLockedZ\0credentialsNonExpiredZ\0enabledL\0authoritiesq\0~\0L\0passwordq\0~\0L\0usernameq\0~\0xpsq\0~\01sr\0java.util.TreeSet›òPìïÌá[\0\0xpsr\0Forg.springframework.security.core.userdetails.User$AuthorityComparator\0\0\0\0\0\0\0\0xpw\0\0\0q\0~\0q\0~\0q\0~\0q\0~\0q\0~\0q\0~\0xpt\0admin'),('723f1644779a6d245a7c45d9215a2ff2','¨Ì\0sr\0Lorg.springframework.security.oauth2.common.DefaultExpiringOAuth2RefreshToken/ﬂGcù–…∑\0L\0\nexpirationt\0Ljava/util/Date;xr\0Dorg.springframework.security.oauth2.common.DefaultOAuth2RefreshTokens·\ncT‘^\0L\0valuet\0Ljava/lang/String;xpt\0$835e61d0-f6fd-4d46-a59d-9699990750b7sr\0java.util.DatehjÅKYt\0\0xpw\0\0qÇ€Jx','¨Ì\0sr\0Aorg.springframework.security.oauth2.provider.OAuth2AuthenticationΩ@bR\0L\0\rstoredRequestt\0<Lorg/springframework/security/oauth2/provider/OAuth2Request;L\0userAuthenticationt\02Lorg/springframework/security/core/Authentication;xr\0Gorg.springframework.security.authentication.AbstractAuthenticationToken”™(~nGd\0Z\0\rauthenticatedL\0authoritiest\0Ljava/util/Collection;L\0detailst\0Ljava/lang/Object;xp\0sr\0&java.util.Collections$UnmodifiableList¸%1µÏé\0L\0listt\0Ljava/util/List;xr\0,java.util.Collections$UnmodifiableCollectionB\0ÄÀ^˜\0L\0cq\0~\0xpsr\0java.util.ArrayListxÅ“ô«aù\0I\0sizexp\0\0\0w\0\0\0sr\0Borg.springframework.security.core.authority.SimpleGrantedAuthority\0\0\0\0\0\0\0L\0rolet\0Ljava/lang/String;xpt\0Systemsq\0~\0\rt\0\nSystemUsersq\0~\0\rt\0SystemUserDeletesq\0~\0\rt\0SystemUserInsertsq\0~\0\rt\0SystemUserUpdatesq\0~\0\rt\0SystemUserViewxq\0~\0psr\0:org.springframework.security.oauth2.provider.OAuth2Request\0\0\0\0\0\0\0\0Z\0approvedL\0authoritiesq\0~\0L\0\nextensionst\0Ljava/util/Map;L\0redirectUriq\0~\0L\0refresht\0;Lorg/springframework/security/oauth2/provider/TokenRequest;L\0resourceIdst\0Ljava/util/Set;L\0\rresponseTypesq\0~\0xr\08org.springframework.security.oauth2.provider.BaseRequest6(z>£qiΩ\0L\0clientIdq\0~\0L\0requestParametersq\0~\0L\0scopeq\0~\0xpt\0client2sr\0%java.util.Collections$UnmodifiableMapÒ•®˛tıB\0L\0mq\0~\0xpsr\0java.util.HashMap⁄¡√`—\0F\0\nloadFactorI\0	thresholdxp?@\0\0\0\0\0w\0\0\0\0\0\0t\0codet\0TU2vSAt\0\ngrant_typet\0authorization_codet\0\rresponse_typet\0codet\0redirect_urit\0http://localhost:9007/logint\0statet\0wEfd4Nt\0	client_idq\0~\0!xsr\0%java.util.Collections$UnmodifiableSetÄí—èõÄU\0\0xq\0~\0	sr\0java.util.LinkedHashSetÿl◊Zï›*\0\0xr\0java.util.HashSet∫DÖïñ∏∑4\0\0xpw\0\0\0?@\0\0\0\0\0t\0appxsq\0~\04w\0\0\0?@\0\0\0\0\0\0xsq\0~\0$?@\0\0\0\0\0\0w\0\0\0\0\0\0\0xt\0http://localhost:9007/loginpsq\0~\04w\0\0\0?@\0\0\0\0\0\0xsq\0~\04w\0\0\0?@\0\0\0\0\0q\0~\0+xsr\0Oorg.springframework.security.authentication.UsernamePasswordAuthenticationToken\0\0\0\0\0\0\0L\0credentialsq\0~\0L\0	principalq\0~\0xq\0~\0sq\0~\0sq\0~\0\0\0\0w\0\0\0q\0~\0q\0~\0q\0~\0q\0~\0q\0~\0q\0~\0xq\0~\0?sr\0Horg.springframework.security.web.authentication.WebAuthenticationDetails\0\0\0\0\0\0\0L\0\rremoteAddressq\0~\0L\0	sessionIdq\0~\0xpt\00:0:0:0:0:0:0:1t\0 0DC36A42316C20E63C9D6ECFAD43D757psr\02org.springframework.security.core.userdetails.User\0\0\0\0\0\0\0Z\0accountNonExpiredZ\0accountNonLockedZ\0credentialsNonExpiredZ\0enabledL\0authoritiesq\0~\0L\0passwordq\0~\0L\0usernameq\0~\0xpsq\0~\01sr\0java.util.TreeSet›òPìïÌá[\0\0xpsr\0Forg.springframework.security.core.userdetails.User$AuthorityComparator\0\0\0\0\0\0\0\0xpw\0\0\0q\0~\0q\0~\0q\0~\0q\0~\0q\0~\0q\0~\0xpt\0admin'),('c675419dc6d6253ec886d5734f2a625e','¨Ì\0sr\0Lorg.springframework.security.oauth2.common.DefaultExpiringOAuth2RefreshToken/ﬂGcù–…∑\0L\0\nexpirationt\0Ljava/util/Date;xr\0Dorg.springframework.security.oauth2.common.DefaultOAuth2RefreshTokens·\ncT‘^\0L\0valuet\0Ljava/lang/String;xpt\0$14839452-7711-4a88-99fb-a324050f3177sr\0java.util.DatehjÅKYt\0\0xpw\0\0qï;eIx','¨Ì\0sr\0Aorg.springframework.security.oauth2.provider.OAuth2AuthenticationΩ@bR\0L\0\rstoredRequestt\0<Lorg/springframework/security/oauth2/provider/OAuth2Request;L\0userAuthenticationt\02Lorg/springframework/security/core/Authentication;xr\0Gorg.springframework.security.authentication.AbstractAuthenticationToken”™(~nGd\0Z\0\rauthenticatedL\0authoritiest\0Ljava/util/Collection;L\0detailst\0Ljava/lang/Object;xp\0sr\0&java.util.Collections$UnmodifiableList¸%1µÏé\0L\0listt\0Ljava/util/List;xr\0,java.util.Collections$UnmodifiableCollectionB\0ÄÀ^˜\0L\0cq\0~\0xpsr\0java.util.ArrayListxÅ“ô«aù\0I\0sizexp\0\0\0w\0\0\0sr\0Borg.springframework.security.core.authority.SimpleGrantedAuthority\0\0\0\0\0\0\0L\0rolet\0Ljava/lang/String;xpt\0Systemsq\0~\0\rt\0\nSystemUsersq\0~\0\rt\0SystemUserDeletesq\0~\0\rt\0SystemUserInsertsq\0~\0\rt\0SystemUserUpdatesq\0~\0\rt\0SystemUserViewxq\0~\0psr\0:org.springframework.security.oauth2.provider.OAuth2Request\0\0\0\0\0\0\0\0Z\0approvedL\0authoritiesq\0~\0L\0\nextensionst\0Ljava/util/Map;L\0redirectUriq\0~\0L\0refresht\0;Lorg/springframework/security/oauth2/provider/TokenRequest;L\0resourceIdst\0Ljava/util/Set;L\0\rresponseTypesq\0~\0xr\08org.springframework.security.oauth2.provider.BaseRequest6(z>£qiΩ\0L\0clientIdq\0~\0L\0requestParametersq\0~\0L\0scopeq\0~\0xpt\0clientsr\0%java.util.Collections$UnmodifiableMapÒ•®˛tıB\0L\0mq\0~\0xpsr\0java.util.HashMap⁄¡√`—\0F\0\nloadFactorI\0	thresholdxp?@\0\0\0\0\0w\0\0\0\0\0\0t\0codet\05sxnbDt\0\ngrant_typet\0authorization_codet\0\rresponse_typet\0codet\0redirect_urit\0http://localhost:9005/logint\0statet\0b3vioQt\0	client_idq\0~\0!xsr\0%java.util.Collections$UnmodifiableSetÄí—èõÄU\0\0xq\0~\0	sr\0java.util.LinkedHashSetÿl◊Zï›*\0\0xr\0java.util.HashSet∫DÖïñ∏∑4\0\0xpw\0\0\0?@\0\0\0\0\0t\0appxsq\0~\04w\0\0\0?@\0\0\0\0\0\0xsq\0~\0$?@\0\0\0\0\0\0w\0\0\0\0\0\0\0xt\0http://localhost:9005/loginpsq\0~\04w\0\0\0?@\0\0\0\0\0\0xsq\0~\04w\0\0\0?@\0\0\0\0\0q\0~\0+xsr\0Oorg.springframework.security.authentication.UsernamePasswordAuthenticationToken\0\0\0\0\0\0\0L\0credentialsq\0~\0L\0	principalq\0~\0xq\0~\0sq\0~\0sq\0~\0\0\0\0w\0\0\0q\0~\0q\0~\0q\0~\0q\0~\0q\0~\0q\0~\0xq\0~\0?sr\0Horg.springframework.security.web.authentication.WebAuthenticationDetails\0\0\0\0\0\0\0L\0\rremoteAddressq\0~\0L\0	sessionIdq\0~\0xpt\00:0:0:0:0:0:0:1t\0 3269490ED046A20D97FBA7FE5DEDB8C2psr\02org.springframework.security.core.userdetails.User\0\0\0\0\0\0\0Z\0accountNonExpiredZ\0accountNonLockedZ\0credentialsNonExpiredZ\0enabledL\0authoritiesq\0~\0L\0passwordq\0~\0L\0usernameq\0~\0xpsq\0~\01sr\0java.util.TreeSet›òPìïÌá[\0\0xpsr\0Forg.springframework.security.core.userdetails.User$AuthorityComparator\0\0\0\0\0\0\0\0xpw\0\0\0q\0~\0q\0~\0q\0~\0q\0~\0q\0~\0q\0~\0xpt\0admin');

/*Table structure for table `tb_content` */

DROP TABLE IF EXISTS `tb_content`;

CREATE TABLE `tb_content` (
  `id` int(11) NOT NULL AUTO_INCREMENT,
  `category_id` bigint(20) DEFAULT NULL,
  `title` varchar(255) DEFAULT NULL,
  `sub_title` varchar(255) DEFAULT NULL,
  `title_desc` varchar(255) DEFAULT NULL,
  `url` varchar(255) DEFAULT NULL,
  `pic` varchar(255) DEFAULT NULL,
  `pic2` varchar(255) DEFAULT NULL,
  `content` varchar(1024) DEFAULT NULL,
  `create_time` datetime DEFAULT NULL,
  `update_time` datetime DEFAULT NULL,
  PRIMARY KEY (`id`)
) ENGINE=InnoDB AUTO_INCREMENT=3 DEFAULT CHARSET=utf8;

/*Data for the table `tb_content` */

insert  into `tb_content`(`id`,`category_id`,`title`,`sub_title`,`title_desc`,`url`,`pic`,`pic2`,`content`,`create_time`,`update_time`) values (1,1,'ÊµãËØï1','Â≠êÊ†áÈ¢ò','Ê†áÈ¢òÁßíÊùÄ','http://a.com','1.jpg','2.png','ÂÜÖÂÆπÂ§™‰∏∞ÂØå‰∫Ü','2020-04-07 00:00:00','2020-04-08 00:00:00'),(2,1,'ÈòøÊñØËíÇËä¨','ÂïäÂïä','Â∞ëÁöÑÂú∞Êñπ','a.com','a.jpg','b.jpg','sssÊòØÂê¶','2020-04-02 00:00:00','2020-04-05 00:00:00');

/*Table structure for table `tb_permission` */

DROP TABLE IF EXISTS `tb_permission`;

CREATE TABLE `tb_permission` (
  `id` bigint(11) NOT NULL AUTO_INCREMENT COMMENT '‰∏ªÈîÆID',
  `parent_id` bigint(11) DEFAULT NULL COMMENT 'Áî®Êà∑ID',
  `name` varchar(255) COLLATE utf8mb4_bin DEFAULT NULL COMMENT 'ÊùÉÈôêÂêçÂ≠ó',
  `ename` varchar(255) COLLATE utf8mb4_bin DEFAULT NULL COMMENT 'ÊùÉÈôêÂêçÂ≠ó',
  `url` varchar(255) COLLATE utf8mb4_bin DEFAULT NULL COMMENT 'ËØ∑Ê±ÇË∑ØÂæÑ',
  `description` varchar(255) COLLATE utf8mb4_bin DEFAULT NULL COMMENT 'ÊèèËø∞',
  `create_time` datetime DEFAULT NULL COMMENT 'ÂàõÂª∫Êó∂Èó¥',
  `update_time` datetime DEFAULT NULL COMMENT 'Êõ¥Êñ∞Êó∂Èó¥',
  PRIMARY KEY (`id`)
) ENGINE=InnoDB AUTO_INCREMENT=12 DEFAULT CHARSET=utf8mb4 COLLATE=utf8mb4_bin;

/*Data for the table `tb_permission` */

insert  into `tb_permission`(`id`,`parent_id`,`name`,`ename`,`url`,`description`,`create_time`,`update_time`) values (1,0,'Á≥ªÁªüÁÆ°ÁêÜ','System','/',NULL,'2019-05-30 16:22:20','2019-05-30 16:22:24'),(2,1,'Áî®Êà∑ÁÆ°ÁêÜ','SystemUser','/users',NULL,'2019-05-30 16:23:28','2019-05-30 16:23:32'),(3,2,'Êü•ÁúãÁî®Êà∑','SystemUserView','/users/view/**',NULL,'2019-05-30 16:24:29','2019-05-30 16:24:33'),(4,2,'Êñ∞Â¢ûÁî®Êà∑','SystemUserInsert','/users/insert/**',NULL,'2019-05-30 16:25:09','2019-05-30 16:25:13'),(5,2,'ÁºñËæëÁî®Êà∑','SystemUserUpdate','/users/update/**',NULL,'2019-05-30 16:25:53','2019-05-30 16:25:57'),(6,2,'Âà†Èô§Áî®Êà∑','SystemUserDelete','/users/delete/**',NULL,'2019-05-30 16:26:49','2019-05-30 16:26:54'),(7,1,'ÂÜÖÂÆπÁÆ°ÁêÜ','SystemContent','/content/',NULL,'2019-05-31 16:38:11','2019-05-31 16:38:16'),(8,7,'Êü•ÁúãÂÜÖÂÆπ','ROLE_SystemContentView','/content/view/**',NULL,'2019-05-31 16:39:53','2019-05-31 16:39:58'),(9,7,'Êñ∞Â¢ûÂÜÖÂÆπ','ROLE_SystemContentInsert','/content/insert/**',NULL,'2019-05-31 16:41:04','2019-05-31 16:41:08'),(10,7,'ÁºñËæëÂÜÖÂÆπ','SystemContentUpdate','/content/update/**',NULL,'2019-05-31 16:41:48','2019-05-31 16:41:53'),(11,7,'Âà†Èô§ÂÜÖÂÆπ','SystemContentDelete','/content/delete/**',NULL,'2019-05-31 16:42:30','2019-05-31 16:42:34');

/*Table structure for table `tb_role` */

DROP TABLE IF EXISTS `tb_role`;

CREATE TABLE `tb_role` (
  `id` bigint(11) NOT NULL AUTO_INCREMENT COMMENT '‰∏ªÈîÆID',
  `parent_id` bigint(20) DEFAULT NULL COMMENT 'Áà∂Á±ªID',
  `name` varchar(255) COLLATE utf8mb4_bin DEFAULT NULL COMMENT 'ËßíËâ≤ÂêçÂ≠ó',
  `ename` varchar(255) COLLATE utf8mb4_bin DEFAULT NULL COMMENT 'ËßíËâ≤ÂêçÂ≠ó',
  `description` varchar(255) COLLATE utf8mb4_bin DEFAULT NULL COMMENT 'ÊèèËø∞',
  `create_time` datetime DEFAULT NULL COMMENT 'ÂàõÂª∫Êó∂Èó¥',
  `update_time` datetime DEFAULT NULL COMMENT 'Êõ¥Êñ∞Êó∂Èó¥',
  PRIMARY KEY (`id`)
) ENGINE=InnoDB AUTO_INCREMENT=3 DEFAULT CHARSET=utf8mb4 COLLATE=utf8mb4_bin;

/*Data for the table `tb_role` */

insert  into `tb_role`(`id`,`parent_id`,`name`,`ename`,`description`,`create_time`,`update_time`) values (1,0,'Ë∂ÖÁ∫ßÁÆ°ÁêÜÂëò','admin',NULL,'2019-05-30 16:09:53','2019-05-30 16:09:57'),(2,1,'Áî®Êà∑','user',NULL,NULL,NULL);

/*Table structure for table `tb_role_permission` */

DROP TABLE IF EXISTS `tb_role_permission`;

CREATE TABLE `tb_role_permission` (
  `id` bigint(11) NOT NULL COMMENT '‰∏ªÈîÆID',
  `role_id` bigint(11) DEFAULT NULL COMMENT 'ËßíËâ≤ID',
  `permission_id` bigint(11) DEFAULT NULL COMMENT 'ÊùÉÈôêID',
  PRIMARY KEY (`id`)
) ENGINE=InnoDB DEFAULT CHARSET=utf8mb4 COLLATE=utf8mb4_bin;

/*Data for the table `tb_role_permission` */

insert  into `tb_role_permission`(`id`,`role_id`,`permission_id`) values (1,1,1),(2,1,2),(3,1,3),(4,1,4),(5,1,5),(6,1,6);

/*Table structure for table `tb_user` */

DROP TABLE IF EXISTS `tb_user`;

CREATE TABLE `tb_user` (
  `id` bigint(11) NOT NULL AUTO_INCREMENT COMMENT '‰∏ªÈîÆID',
  `username` varchar(64) COLLATE utf8mb4_bin DEFAULT NULL COMMENT 'Áî®Êà∑Âêç',
  `password` varchar(255) COLLATE utf8mb4_bin DEFAULT NULL COMMENT 'ÂØÜÁ†Å',
  `gender` int(2) DEFAULT NULL COMMENT 'ÊÄßÂà´Ôºà1Áî∑ 2Â•≥Ôºâ',
  `email` varchar(128) COLLATE utf8mb4_bin DEFAULT NULL COMMENT 'ÈÇÆÁÆ±',
  `create_time` datetime DEFAULT NULL COMMENT 'Áî®Êà∑ÂàõÂª∫Êó∂Èó¥',
  `update_time` datetime DEFAULT NULL COMMENT 'Êõ¥Êñ∞Êó∂Èó¥',
  `removed` int(2) DEFAULT NULL COMMENT 'ÊòØÂê¶Âà†Èô§Ôºà1Âà†Èô§0Êú™Âà†Èô§Ôºâ',
  PRIMARY KEY (`id`)
) ENGINE=InnoDB AUTO_INCREMENT=3 DEFAULT CHARSET=utf8mb4 COLLATE=utf8mb4_bin;

/*Data for the table `tb_user` */

insert  into `tb_user`(`id`,`username`,`password`,`gender`,`email`,`create_time`,`update_time`,`removed`) values (1,'admin','$2a$10$V3NT2cwygGEaJGOzaOCNme7V780l6F0RdiafBMx7GRgAj2Kj3YdAi',1,NULL,'2019-05-30 15:53:45','2019-05-30 15:53:51',0),(2,'user','$2a$10$V3NT2cwygGEaJGOzaOCNme7V780l6F0RdiafBMx7GRgAj2Kj3YdAi',1,NULL,NULL,NULL,0);

/*Table structure for table `tb_user_role` */

DROP TABLE IF EXISTS `tb_user_role`;

CREATE TABLE `tb_user_role` (
  `id` bigint(11) NOT NULL COMMENT '‰∏ªÈîÆID',
  `user_id` bigint(11) DEFAULT NULL COMMENT 'Áî®Êà∑‰∏ªÈîÆ',
  `role_id` bigint(11) DEFAULT NULL COMMENT 'ËßíËâ≤ID',
  PRIMARY KEY (`id`)
) ENGINE=InnoDB DEFAULT CHARSET=utf8mb4 COLLATE=utf8mb4_bin;

/*Data for the table `tb_user_role` */

insert  into `tb_user_role`(`id`,`user_id`,`role_id`) values (1,1,1),(2,2,2);

/*!40101 SET SQL_MODE=@OLD_SQL_MODE */;
/*!40014 SET FOREIGN_KEY_CHECKS=@OLD_FOREIGN_KEY_CHECKS */;
/*!40014 SET UNIQUE_CHECKS=@OLD_UNIQUE_CHECKS */;
/*!40111 SET SQL_NOTES=@OLD_SQL_NOTES */;
